date,session_id,raw_asset_id,surface_channels_asset_id,is_uploaded,is_sorted,is_surface_channels_sorted,is_annotated,is_video,is_dlc_eye,is_facemap,is_gamma_encoding,is_LPFaceParts,is_session_json,is_rig_json
2026-09-16,ecephys_862027_2026-09-16_11-04-15,bfab0fe7-54a6-4c09-b1ee-49658c90d3c8,,true,true,,false,true,false,false,false,false,true,true
2026-09-15,ecephys_862027_2026-09-15_11-26-31,7d45a728-17bf-4d96-8446-aa6b22e69e23,,true,true,,false,true,false,false,false,false,true,true
2026-09-14,ecephys_873603_2026-09-14_??-??-??,"",,false,,,,,,,,,,
2026-09-03,ecephys_872697_2026-09-03_10-57-10,05b21f99-c235-4603-85b5-c7b08d55e800,,true,true,,false,true,false,false,false,false,true,true
2026-09-02,ecephys_872697_2026-09-02_10-40-31,1390a50c-8223-4f40-adce-3da062c0f1ef,,true,true,,false,true,false,false,false,false,true,true
2026-09-01,ecephys_872697_2026-09-01_11-08-20,8b3739b9-3565-4ae9-9acc-87a87a8edb4b,,true,true,,false,true,false,false,false,false,true,true
2026-08-31,ecephys_872697_2026-08-31_10-48-32,14539784-37ce-49b9-aa80-9affcb75863a,,true,true,,false,true,false,false,false,false,true,true
2026-08-18,ecephys_857681_2026-08-18_09-59-00,6bb73311-18b5-41c0-ac2a-2670167bce44,,true,true,,false,true,false,false,false,false,true,true
2026-08-17,ecephys_857681_2026-08-17_10-25-26,de346fda-1457-4d26-b4f0-1ae2a7c2d17e,,true,true,,false,true,false,false,false,false,true,true
2026-08-14,ecephys_857681_2026-08-14_10-28-32,b7250bd4-e74e-4422-a055-7f351f36e202,,true,true,,false,true,false,false,false,false,true,true
2026-08-13,ecephys_857681_2026-08-13_10-34-33,c135e61f-2e25-420a-9c83-532a78338cd2,,true,true,,false,true,false,false,false,false,true,true
2026-08-06,ecephys_862025_2026-08-06_11-30-52,19def93e-3a19-4e30-bf98-5dd2843ed49a,,true,true,,false,true,false,false,false,false,true,true
2026-08-05,ecephys_862025_2026-08-05_??-??-??,"",,false,,,,,,,,,,
2026-08-04,ecephys_862025_2026-08-04_11-16-16,e4e74a5a-e385-4cdd-80a5-47ada76e2799,,true,true,,false,true,false,false,false,false,true,true
2026-07-09,ecephys_859584_2026-07-09_09-37-30,a417daa9-4fea-409d-91a6-9d3e5f8ffaa9,,true,true,,false,true,false,false,false,false,true,true
2026-07-08,ecephys_859584_2026-07-08_11-32-00,a9431166-6567-4db9-a6c7-b5532a2beadc,,true,true,,false,true,false,false,false,false,true,true
2026-07-07,ecephys_859584_2026-07-07_09-34-53,16cec8ab-062b-4e89-ba5b-491ed9369af0,,true,true,,false,true,false,false,false,false,true,true
2026-07-06,ecephys_859584_2026-07-06_09-55-34,858b6c06-1d35-4e7c-bd62-4dc9ee911ce4,,true,true,,false,true,false,false,false,false,true,true
2026-07-02,ecephys_859582_2026-07-02_09-42-32,520a1ca7-f848-4ba2-902a-89f499da79df,,true,true,,false,true,false,false,false,false,true,true
2026-07-01,ecephys_859582_2026-07-01_10-03-33,27a2f7fa-68db-4df7-a884-2d42336157f4,,true,true,,false,true,false,false,false,false,true,true
2026-06-30,ecephys_859582_2026-06-30_09-57-58,b180e196-0305-4eb1-ad7f-28e8fa9ccdc8,,true,true,,false,true,false,false,false,false,true,true
2026-06-29,ecephys_859582_2026-06-29_09-50-42,70262550-8651-4514-855e-b3b93263bacb,,true,true,,false,true,false,false,false,false,true,true
2026-06-26,ecephys_852252_2026-06-26_11-48-53,bf93f041-6189-4760-9718-a35781a02bd8,,true,true,,false,true,false,false,false,false,true,true
2026-06-25,ecephys_852252_2026-06-25_12-58-54,c3025f6d-c722-4362-bbe5-cd4f4e0dc2b2,,true,true,,false,true,false,false,false,false,true,true
2026-06-24,ecephys_852252_2026-06-24_12-17-44,8f6382c6-6d44-4019-bc6a-bcf4e94c5171,,true,true,,false,true,false,false,false,false,true,true
2026-06-22,ecephys_852255_2026-06-22_14-07-12,4c23e543-42c4-43ad-81b2-8d557d74108e,,true,true,,false,true,false,false,false,false,true,true
2026-06-18,ecephys_852255_2026-06-18_14-04-51,458ddc05-a2b6-4bf1-8e74-d173cebf7d92,,true,true,,false,true,false,false,false,false,true,true
2026-06-17,ecephys_852255_2026-06-17_13-19-16,7e68b1ec-1767-4d9b-b61d-920c5aa32adc,,true,true,,false,true,false,false,false,false,true,true
2026-06-16,ecephys_852255_2026-06-16_12-45-55,d5119dec-4d83-44b8-84e2-27d3a8f8388c,,true,true,,false,true,false,false,false,false,true,true
2026-06-05,ecephys_856847_2026-06-05_11-22-31,d18d2af2-4103-4dd4-963d-682358c0c7c6,,true,true,,false,true,false,false,false,false,true,true
2026-06-04,ecephys_856847_2026-06-04_??-??-??,"",,false,,,,,,,,,,
2026-06-03,ecephys_856847_2026-06-03_13-09-46,6bd89739-7ba7-49d8-bfeb-da99c7542c29,,true,true,,false,true,false,false,false,false,true,true
2026-06-02,ecephys_856847_2026-06-02_??-??-??,"",,false,,,,,,,,,,
2026-05-29,ecephys_856845_2026-05-29_13-06-55,69fcd692-b42b-43e7-a4ca-cbf044eebaa2,,true,true,,false,true,false,false,false,false,true,true
2026-05-27,ecephys_856845_2026-05-27_13-08-26,81ab42f1-5a61-4b5b-84c0-73097700e652,,true,true,,false,true,false,false,false,false,true,true
2026-05-20,ecephys_859583_2026-05-20_12-28-48,155ad2cc-7dae-4e6c-a233-4aee090fc142,,true,true,,false,true,false,false,false,false,true,true
2026-05-19,ecephys_859583_2026-05-19_13-05-18,d1a7f39a-7c96-4404-af37-20f2ef5fd943,,true,true,,false,true,false,false,false,false,true,true
2026-05-18,ecephys_839146_2026-05-18_??-??-??,"",,false,,,,,,,,,,
2026-05-15,ecephys_839146_2026-05-15_10-04-43,8a04c65d-cdcc-45fb-8b54-ac63f8f23dd7,,true,true,,false,true,false,false,false,false,true,true
2026-05-15,ecephys_859583_2026-05-15_11-43-26,7dada8d1-11de-4928-b3e6-003a9dd563f1,,true,true,,false,true,false,false,false,false,true,true
2026-05-14,ecephys_839146_2026-05-14_10-26-09,8d7aa2b4-7a36-4217-998f-936559eb1c0c,,true,true,,false,true,false,false,false,false,true,true
2026-05-14,ecephys_859583_2026-05-14_13-04-30,8e4eedd4-3acd-47fe-97e1-bec350e9d451,,true,true,,false,true,false,false,false,false,true,true
2026-05-13,ecephys_839146_2026-05-13_??-??-??,"",,false,,,,,,,,,,
2026-05-12,ecephys_839146_2026-05-12_10-09-59,64eb8273-d394-470e-b607-5a9c9bde9614,,true,true,,false,true,false,false,false,false,true,true
2026-05-11,ecephys_841308_2026-05-11_11-42-04,1f398005-ec1a-40f7-a159-2461955a12c1,,true,true,,false,true,false,false,false,false,true,true
2026-05-08,ecephys_841308_2026-05-08_11-25-33,39b67cab-f619-4232-bd6c-5ff0136d4173,,true,true,,false,true,false,false,false,false,true,true
2026-05-07,ecephys_841308_2026-05-07_11-22-58,d7868a56-984d-4c8f-9130-10710b8e7968,4fcbfaad-fc79-41ce-86a6-731d0a6bb990,true,false,false,,true,false,false,false,false,true,true
2026-05-06,ecephys_841308_2026-05-06_11-59-39,58c49d94-5d87-4acf-8b9e-f16293aac122,b544bcf5-22d8-48a6-985b-8d5ddf6773b4,true,true,false,false,true,false,false,false,false,true,true
2026-05-05,ecephys_841308_2026-05-05_12-24-44,c62700fb-4d4a-4a97-9860-ba8737a4ebb0,ae4250ae-7eba-41f6-baf4-7f20c23de5b1,true,true,false,false,true,false,false,false,false,true,true
2026-05-04,ecephys_840160_2026-05-04_10-36-17,8c54d855-6ace-4c7f-8b21-c0aac7404feb,d586ca99-0fcc-4661-984f-20d1568f7cce,true,false,false,,true,false,false,false,false,true,true
2026-05-01,ecephys_840160_2026-05-01_10-09-37,c992df40-ebba-4bf1-a4ee-4a50991c782d,e0c632f0-2a3a-4769-9f15-7f838ad7cd40,true,false,false,,true,false,false,false,false,true,true
2026-05-01,ecephys_836629_2026-05-01_11-36-21,b363323b-2465-4a1a-8739-499865954e90,,true,false,,,true,false,false,false,false,true,true
2026-04-30,ecephys_836629_2026-04-30_??-??-??,"",,false,,,,,,,,,,
2026-04-30,ecephys_840160_2026-04-30_10-20-53,3bc148ad-8a70-4300-aa33-79bf05882235,eb24950e-1e87-475e-967f-2031f7e48ae4,true,false,false,,true,false,false,false,false,true,true
2026-04-29,ecephys_836629_2026-04-29_12-17-29,a87c481c-ab94-4c3f-9052-ad39387e1b1c,,true,false,,,true,false,false,false,false,true,true
2026-04-29,ecephys_840160_2026-04-29_10-22-59,45fb0463-651b-4ee3-992c-3ac54915fb1f,fd619f48-cf39-49c4-857c-ae180524d91a,true,true,false,false,true,false,false,false,false,true,true
2026-04-28,ecephys_840160_2026-04-28_12-21-46,"",,false,,,,,,,,,,
2026-04-28,ecephys_836629_2026-04-28_??-??-??,"",,false,,,,,,,,,,
2026-04-27,ecephys_854390_2026-04-27_10-32-52,ea1c16c1-42f8-48d4-941c-1cd4ab4ca0d2,587d1f80-ec82-416f-8058-a023d0e410f3,true,true,true,false,true,false,false,false,false,true,true
2026-04-24,ecephys_854390_2026-04-24_10-19-35,df5de2ab-c6c3-4143-ac47-f8886fa6515d,bfe0c07f-16f0-4214-a7e2-0d559c9592b9,true,true,true,false,true,false,false,false,false,true,true
2026-04-23,ecephys_854390_2026-04-23_10-33-36,a9a22920-43f3-456a-b7db-ac27cbfde897,e457c616-0bb7-4446-a742-99ffed6c119c,true,true,true,false,true,false,false,false,false,true,true
2026-04-22,ecephys_854390_2026-04-22_10-18-59,5c3ced5c-4e7c-40e0-9d35-076f006b1efc,9c2011bf-5b08-4cc0-8c41-7fafe57c0a96,true,true,true,false,true,false,false,false,false,true,true
2026-04-22,ecephys_837230_2026-04-22_12-34-16,6f2c8b4c-6e92-4223-8f35-eb96e00c1a44,,true,true,,false,true,false,false,false,false,true,true
2026-04-21,ecephys_837230_2026-04-21_12-26-27,fe466541-94e2-4e64-8549-b576b33cc361,,true,true,,false,true,false,false,false,false,true,true
2026-04-20,ecephys_837230_2026-04-20_13-56-09,1473f0bf-28d4-41a9-912a-122af654ffbc,,true,true,,false,true,false,false,false,false,true,true
2026-04-17,ecephys_837230_2026-04-17_13-31-48,d498f156-4d62-44b7-bbb4-a9898b40930c,,true,true,,false,true,false,false,false,false,true,true
2026-04-17,ecephys_847958_2026-04-17_10-19-54,15cde4bd-5c1c-4e71-9420-5971a729c6b5,c5142fdc-67db-4bda-b579-46c68dccc1a7,true,true,true,false,true,false,false,false,false,true,true
2026-04-16,ecephys_847958_2026-04-16_10-27-00,fc9c06ca-29b0-4013-ae89-8db7b437e117,bff5ff12-8848-48af-a1d6-c159635bc3bb,true,true,true,false,true,false,false,false,false,true,true
2026-04-15,ecephys_847958_2026-04-15_10-09-26,f507203b-59e2-4e76-bb36-fd8307114a80,88188966-537c-4bb4-9e37-a3911748d99b,true,true,true,false,true,false,false,false,false,true,true
2026-04-14,ecephys_847958_2026-04-14_10-10-18,c7884409-2788-44e1-8839-3b397e5b8e4c,b242eb2c-cd57-4b3a-ba80-7a298f2de670,true,true,true,false,true,false,false,false,false,true,true
2026-04-13,ecephys_847958_2026-04-13_10-25-09,e7f5f83b-34f8-483f-9ac6-bfc519b52363,cd9fd568-eae2-4e2b-a4d1-128d19961fcc,true,true,true,false,true,false,false,false,false,true,true
2026-04-08,ecephys_844567_2026-04-08_13-04-34,ea411c4e-ea45-462c-bcbd-162c2fa5267a,,true,true,,false,true,false,false,false,false,true,true
2026-04-06,ecephys_850217_2026-04-06_12-58-25,b4d1bcf6-c571-4113-ae00-efeb6043568b,8fd78134-40a3-48c6-96b5-f3fc049fdc23,true,true,true,false,true,false,false,false,false,true,true
2026-04-03,ecephys_837959_2026-04-03_10-47-23,e72c43b9-9cbd-456c-a0f1-e91cfa7c04f9,3c7da0db-3dd7-4151-a292-24510fe5e7cc,true,true,false,false,true,false,false,false,false,true,true
2026-04-03,ecephys_850217_2026-04-03_11-40-38,8af0bfdb-218e-4c8b-82f0-7e037954cfb5,0300b0de-f53d-40eb-a924-8526d820d963,true,true,true,false,true,false,false,false,false,true,true
2026-04-02,ecephys_850217_2026-04-02_13-42-31,dabc217c-11e2-4aa3-9db3-80ca5e56d65f,,true,true,,false,true,false,false,false,false,true,true
2026-04-02,ecephys_837959_2026-04-02_10-30-11,43371e85-82c9-4ed9-9fa4-73fceeb93ed3,a53589d0-fbea-4849-b2ff-f293ffa789f0,true,true,false,false,true,false,false,false,false,true,true
2026-04-01,ecephys_837959_2026-04-01_10-24-02,92115fb8-3132-4293-93b4-7df346b84fe7,a2e6b5cc-09db-4f85-a814-b0096383977e,true,true,false,false,true,false,false,false,false,true,true
2026-03-31,ecephys_837959_2026-03-31_10-20-14,0df200cd-d3e5-4f35-9325-61eb4d6f5ee1,efd83b61-e311-48b9-b224-b3a357e74db9,true,true,false,false,true,false,false,false,false,true,true
2026-03-30,ecephys_837959_2026-03-30_11-05-52,16c39466-d02c-43ac-b218-5a6b32d6fdd9,108fa5f7-81fd-4f72-9009-e2a061e54cd1,true,true,false,false,true,false,false,false,false,true,true
2026-03-23,ecephys_850215_2026-03-23_13-01-09,65be5c44-06de-4c11-9c81-4c615d5ad313,d61a9df7-a033-4416-9c17-7a4bfa29e59d,true,false,true,,true,false,false,false,false,true,true
2026-03-20,ecephys_850215_2026-03-20_13-08-15,092e929c-27ce-4168-abd9-27dcfd86f121,6c6cf004-d365-4bb4-bbff-f24e7d4dc4a4,true,false,true,,true,false,false,false,false,true,true
2026-03-19,ecephys_850215_2026-03-19_13-25-49,a0bfa271-39d6-414d-b868-4855988bdfb6,edbcee71-566e-468e-bcb7-a3e340c6336b,true,false,true,,true,false,false,false,false,true,true
2026-03-18,ecephys_850215_2026-03-18_12-44-47,716bd594-5cca-4e81-a6ec-d0003e17a408,4a9feeb3-39ce-4555-b93e-8209e41d7841,true,false,true,,true,false,false,false,false,true,true
2026-02-27,ecephys_835598_2026-02-27_10-52-55,f8698e30-71d0-4d77-8363-8cf9ffda9cf0,c789c8f4-55af-48ef-ad8a-3b0af69ee4d3,true,true,true,false,true,false,false,false,false,true,true
2026-02-26,ecephys_835598_2026-02-26_11-17-19,77105671-2eff-4362-96f4-0df87c901422,f05e8e31-0d8f-4cf7-8696-a9a7d7d2a458,true,true,true,false,true,false,false,false,false,true,true
2026-02-25,ecephys_835598_2026-02-25_11-11-16,4b362fbb-1589-4c05-9faf-a55348a09d19,15e3f94e-0535-4c48-934d-490716c1b468,true,true,true,false,true,false,false,false,false,true,true
2026-02-24,ecephys_835598_2026-02-24_11-05-13,f16367b2-4ba1-4b2a-8af6-dd99c005a200,68c7943d-5d0f-46ba-b6ea-a8c09fefa46b,true,true,true,false,true,false,false,false,false,true,true
2026-02-23,ecephys_835598_2026-02-23_11-11-38,3628a83c-e8eb-4944-8034-a52bfa35d6b8,14bfce34-8da5-41c0-8bff-47047c8b0bab,true,true,true,false,true,false,false,false,false,true,true
2026-02-18,ecephys_836729_2026-02-18_12-21-19,be20f438-b8db-4a30-9c1d-f5edab5f1738,b0275774-eb0d-4fb7-adb0-a272d3ee6c5b,true,true,true,true,true,true,true,true,true,true,true
2026-02-17,ecephys_836729_2026-02-17_12-11-16,e47383b7-bea6-4e51-92bc-b06de38d83f2,46790a9b-b65e-405b-af41-a35a2346dc25,true,true,true,true,true,true,true,true,false,true,true
2026-02-16,ecephys_836729_2026-02-16_13-20-53,7a6b032f-a219-45e0-9b44-90031d76bbdd,,true,true,,true,true,true,true,false,false,true,true
2026-02-13,ecephys_836726_2026-02-13_10-19-31,d51549a6-ef74-4e68-8395-6729c14c2bda,,true,true,,false,true,false,false,false,false,true,true
2026-02-12,ecephys_836726_2026-02-12_11-39-49,14c59648-82be-4111-8006-cb488c4cfdf7,,true,true,,false,true,false,false,false,false,true,true
2026-02-11,ecephys_836726_2026-02-11_12-18-03,585229f6-ddf8-414d-b375-fbb65c423020,,true,true,,false,true,false,false,false,false,true,true
2026-01-16,ecephys_822061_2026-01-16_11-22-19,dd031c1b-b1e2-4af9-a867-cbd5ffa01a3f,00854151-c185-4431-9b90-46c5316ded85,true,true,true,false,true,false,false,false,false,true,true
2026-01-15,ecephys_822061_2026-01-15_12-56-46,93e5c412-755a-4252-8d28-e3e42c284d48,34cb4386-a973-41fb-a454-625eb3b23c35,true,true,true,false,true,false,false,false,false,true,true
2026-01-14,ecephys_822061_2026-01-14_12-08-30,ad19bcee-b675-4060-a19a-b4b4e79b9261,43647802-fc30-4164-855c-cde1ad35aa62,true,true,true,false,true,false,false,false,false,true,true
2026-01-13,ecephys_822061_2026-01-13_11-30-15,686eac00-f1c3-4e5b-8b83-bdc033d839c5,b22908ad-02c3-4f77-a544-36976ccf4d57,true,true,true,false,true,false,false,false,false,true,true
2026-01-12,ecephys_822061_2026-01-12_16-06-30,2426c9fd-92e2-44d0-9f88-aca1b90ed2cc,08e16a72-58b4-4147-9450-fd89cc82fb47,true,true,true,false,true,false,false,false,false,true,true
2025-12-22,ecephys_818720_2025-12-22_??-??-??,"",,false,,,,,,,,,,
2025-12-22,ecephys_834408_2025-12-22_11-34-00,158fef48-dce4-4db7-af86-796bd20e1019,93426703-0d75-4ce3-9f90-9eb6f71c27b4,true,true,true,false,true,true,true,true,true,true,true
2025-12-19,ecephys_818720_2025-12-19_??-??-??,"",,false,,,,,,,,,,
2025-12-19,ecephys_834408_2025-12-19_12-24-44,923a1969-9dc3-447a-b5d7-30c449671c4d,e4f362b5-79a8-46c6-86cf-2777f42065ff,true,true,true,false,true,false,true,false,false,true,true
2025-12-18,ecephys_831994_2025-12-18_11-22-34,384e591a-055a-4d48-b35a-389df2361d0f,,true,true,,true,true,true,true,true,false,true,true
2025-12-18,ecephys_834408_2025-12-18_12-27-07,e69b6498-8210-46e5-8444-fc1fbc57dbc3,61fc933e-298d-4900-b328-89d3f314a99d,true,true,true,false,true,false,true,false,false,true,true
2025-12-17,ecephys_831994_2025-12-17_11-31-28,40b33e22-5188-4912-a770-e22cfe72f85c,,true,true,,true,true,true,true,true,false,true,true
2025-12-17,ecephys_834408_2025-12-17_13-03-16,7e0d6edc-52b6-4bd3-9faa-e9d5ac04bdbd,24a4e76b-61c4-4950-8a72-b21eaaf7e8cb,true,true,true,false,true,false,true,false,false,true,true
2025-12-16,ecephys_831994_2025-12-16_11-43-18,3d0528d4-ddbd-46a1-8104-bffe306c6137,,true,true,,true,true,true,true,true,false,true,true
2025-12-15,ecephys_831994_2025-12-15_14-23-59,820cf536-e968-4d14-b747-f062b4376596,,true,true,,true,true,true,true,true,false,true,true
2025-12-05,ecephys_813586_2025-12-05_12-45-41,11c002c6-ad8b-4321-81a7-91193ca20383,,true,true,,false,true,false,false,false,false,true,true
2025-12-04,ecephys_813586_2025-12-04_12-45-16,17b98699-ca35-4e28-a9cc-09c87fbbe120,,true,true,,false,true,false,false,false,false,true,true
2025-12-03,ecephys_813586_2025-12-03_??-??-??,"",,false,,,,,,,,,,
2025-12-02,ecephys_813586_2025-12-02_11-48-47,81fb22c8-9f90-402b-8274-6aadfaa5fe23,,true,true,,false,true,false,false,false,false,true,true
2025-11-21,ecephys_815144_2025-11-21_??-??-??,"",,false,,,,,,,,,,
2025-11-20,ecephys_815144_2025-11-20_??-??-??,"",,false,,,,,,,,,,
2025-11-19,ecephys_815144_2025-11-19_??-??-??,"",,false,,,,,,,,,,
2025-11-18,ecephys_812113_2025-11-18_??-??-??,"",,false,,,,,,,,,,
2025-11-17,ecephys_812113_2025-11-17_??-??-??,"",,false,,,,,,,,,,
2025-11-14,ecephys_812113_2025-11-14_??-??-??,"",,false,,,,,,,,,,
2025-11-13,ecephys_812113_2025-11-13_??-??-??,"",,false,,,,,,,,,,
2025-11-13,ecephys_814669_2025-11-13_13-17-03,50beff2a-c773-4e9f-92bd-a7d9106c2f4c,,true,true,,false,true,false,true,false,false,true,true
2025-11-12,ecephys_814669_2025-11-12_13-34-19,e80b863b-fe6c-4209-b97f-fad7d6eb5882,,true,true,,false,true,false,true,false,false,true,true
2025-11-11,ecephys_814666_2025-11-11_13-19-33,8183fe42-a92a-4d52-abc9-f04fbbc64d9a,,true,true,,true,true,true,true,true,true,true,true
2025-11-11,ecephys_814669_2025-11-11_13-28-22,ce53adab-1cab-48af-82f4-f25c2157c5c0,,true,true,,false,true,false,true,false,false,true,true
2025-11-10,ecephys_814666_2025-11-10_12-21-30,8815e993-6945-4234-aa39-5d264bb2cb9e,,true,true,,true,true,true,true,true,true,true,true
2025-11-10,ecephys_814669_2025-11-10_13-59-35,8d1af64d-2111-44bc-8064-edab81009936,,true,true,,false,true,false,true,false,false,true,true
2025-11-07,ecephys_814666_2025-11-07_14-37-14,5272b9ca-2518-4f6a-b498-f9c76a83f8d3,,true,true,,true,true,true,true,true,true,true,true
2025-11-06,ecephys_814666_2025-11-06_13-07-38,d6257f3c-2b4a-4363-88a4-877e6eb78809,,true,true,,true,true,true,true,true,true,true,true
2025-10-31,ecephys_810754_2025-10-31_??-??-??,"",,false,,,,,,,,,,
2025-10-30,ecephys_810754_2025-10-30_12-41-14,204e9fbd-c1a3-46de-9be7-bfbf64b06873,,true,true,,false,true,false,false,false,false,true,true
2025-10-29,ecephys_810754_2025-10-29_??-??-??,"",,false,,,,,,,,,,
2025-10-28,ecephys_810754_2025-10-28_11-26-14,032a1593-0bb5-4199-9864-d0f319fd1011,,true,true,,false,true,false,false,false,false,true,true
2025-10-27,ecephys_810754_2025-10-27_12-21-21,a4a15887-59c0-413e-808c-3227b82ac34b,,true,true,,false,true,false,false,false,false,true,true
2025-10-24,ecephys_805752_2025-10-24_13-20-54,80cf08a1-be47-4946-aacd-9a9958a6bc9d,eb151db7-ffed-4b43-8f97-9ee78be546be,true,true,true,false,true,false,true,false,false,true,true
2025-10-23,ecephys_805752_2025-10-23_12-43-41,d9c5c678-6f10-481a-a861-afdd1f500701,0efdae38-08e9-4a14-9d56-dc19b99cb045,true,true,true,false,true,false,true,false,false,true,true
2025-10-22,ecephys_805752_2025-10-22_12-42-18,b5844f3d-903c-44ba-8830-f7cf5f0ad514,aa7cb4a2-373b-48ec-88cd-c0e4bbc3c6ad,true,true,true,false,true,false,true,false,false,true,true
2025-10-21,ecephys_805752_2025-10-21_12-24-14,f4c6f71d-9313-42c7-ad23-3b7841ff42c1,b5b6db41-f9ff-46f2-b84d-c3af028e199d,true,true,true,false,true,false,true,false,false,true,true
2025-10-20,ecephys_805752_2025-10-20_13-10-14,04dd58fe-b43c-4832-83c2-7009797db135,a7110144-5315-4f36-9803-78cecb62bf09,true,true,true,false,true,false,true,false,false,true,true
2025-10-10,ecephys_810752_2025-10-10_11-17-00,05f0d021-fcb0-4fac-a1c3-caa74dd3dd2e,,true,true,,true,true,false,true,false,false,true,true
2025-10-09,ecephys_810752_2025-10-09_11-38-01,6100817d-8a16-4604-8b89-b7917d7895cf,,true,true,,true,true,false,true,false,false,true,true
2025-10-08,ecephys_810752_2025-10-08_12-01-47,f6982bd6-e60a-4334-82f1-711f085246a8,,true,true,,true,true,false,true,false,false,true,true
2025-10-07,ecephys_810752_2025-10-07_12-41-18,5ef287ce-81ec-4cb7-9e00-d44c90580f26,,true,true,,true,true,false,true,false,false,true,true
2025-10-02,ecephys_807082_2025-10-02_12-44-33,351d44c1-0b9c-4c18-8da1-44c6111bc399,,true,true,,true,true,true,true,true,false,true,true
2025-10-01,ecephys_807082_2025-10-01_11-44-55,914ab759-215a-47c0-ac1d-ec9346dc5b48,,true,true,,true,true,true,true,true,false,true,true
2025-09-30,ecephys_807082_2025-09-30_14-03-30,60729cfa-a2cd-4a83-9969-b45f7793bef9,,true,true,,true,true,true,true,true,false,true,true
2025-09-29,ecephys_807082_2025-09-29_13-09-08,42d5d755-157d-407a-81b5-09c0a8f8c440,,true,true,,true,true,true,true,true,false,true,true
2025-09-25,ecephys_801857_2025-09-25_14-08-48,92bc92a5-915e-46d4-ac26-b904047a42fa,,true,true,,false,true,false,true,false,false,true,true
2025-09-12,ecephys_805142_2025-09-12_11-06-57,ffaeed67-8eb4-45fe-8938-e4effad659c8,,true,true,,false,true,false,false,false,false,true,true
2025-09-04,ecephys_798632_2025-09-04_11-30-42,f4ca7aff-4d09-4862-82e1-17a65dac6660,,true,true,,true,true,true,true,true,false,true,true
2025-09-03,ecephys_798632_2025-09-03_10-33-28,0d53f3be-3d39-4bfd-b3d4-9a32be20cea6,,true,true,,true,true,true,true,true,false,true,true
2025-09-02,ecephys_798632_2025-09-02_11-20-02,e7801ccf-508f-43db-95b3-a5fbe157ec52,,true,true,,true,true,true,true,true,false,true,true
2025-08-29,ecephys_798632_2025-08-29_10-38-12,037b8617-b16d-4ce1-9bde-33989b03a341,,true,true,,true,true,true,true,true,false,true,true
2025-08-26,ecephys_795555_2025-08-26_11-29-20,6d3cbed1-69c2-4386-b6d7-a216cc2cd634,,true,true,,true,true,false,true,false,false,true,true
2025-08-25,ecephys_795555_2025-08-25_12-01-16,e7767b57-c5cf-42f0-83a8-71db07b1d2e1,,true,true,,true,true,false,true,false,false,true,true
2025-08-22,ecephys_802590_2025-08-22_??-??-??,"",,false,,,,,,,,,,
2025-08-22,ecephys_795555_2025-08-22_11-32-04,08c31bfb-7173-4153-950e-0c1a0d72cd20,,true,true,,true,true,false,true,false,false,true,true
2025-08-21,ecephys_795555_2025-08-21_12-00-17,26a2ff01-43be-428c-b16a-65dbdbc90b2d,,true,true,,true,true,false,true,false,false,true,true
2025-08-01,ecephys_796847_2025-08-01_10-56-29,fe478e0e-f87f-410f-a6d0-7f774e6b0d35,,true,true,,true,true,true,true,true,false,true,true
2025-07-31,ecephys_796847_2025-07-31_12-00-52,9617850c-b289-4243-995a-eeb028aa45a2,,true,true,,true,true,true,true,true,false,true,true
2025-07-30,ecephys_796847_2025-07-30_12-57-43,fc94d55d-7c54-4254-bc26-533d182254c3,,true,true,,true,true,true,true,true,false,true,true
2025-07-29,ecephys_796847_2025-07-29_11-58-20,bfa7ac76-2c22-4c82-80ad-0bee89223be1,,true,true,,true,true,true,true,true,false,true,true
2025-07-17,ecephys_796848_2025-07-17_12-32-15,d1a142db-d9b5-4534-b354-40293401017c,,true,true,,false,true,false,true,false,false,true,true
2025-07-16,ecephys_796848_2025-07-16_12-41-08,d4ab71cb-d4ee-4493-bd77-76007ccfa244,,true,true,,false,true,false,true,false,false,true,true
2025-07-15,ecephys_796848_2025-07-15_??-??-??,"",,false,,,,,,,,,,
2025-07-15,ecephys_796012_2025-07-15_13-54-17,19cb359a-a7c0-47d2-bc74-51930fd91a03,,true,true,,true,true,true,true,true,false,true,true
2025-07-14,ecephys_796012_2025-07-14_13-30-15,a10eba9d-40cf-4720-87db-c19ff5e55d9e,,true,true,,true,true,true,true,true,false,true,true
2025-07-14,ecephys_796848_2025-07-14_16-02-52,2ff74755-bc13-4bea-9bd2-a92665927167,f782a0b2-3b32-48cd-9894-52497c364dcd,true,true,false,false,true,false,true,false,false,true,true
2025-07-11,ecephys_796012_2025-07-11_13-25-33,50de5622-d678-4f46-9814-985c6c6ee7bc,,true,true,,true,true,true,true,true,false,true,true
2025-07-10,ecephys_796012_2025-07-10_10-41-58,988e74ae-cadd-422d-b339-653d6dbb7cc4,,true,true,,true,true,true,true,true,false,true,true
2025-06-12,ecephys_793277_2025-06-12_15-24-34,862fdcda-f61d-4c40-839d-af2db9dc1d9a,,true,true,,false,true,false,false,false,false,true,true
2025-04-25,ecephys_772656_2025-04-25_??-??-??,"",,false,,,,,,,,,,
2025-04-23,ecephys_772656_2025-04-23_??-??-??,"",,false,,,,,,,,,,
2025-03-27,ecephys_773262_2025-03-27_13-17-37,6e9b5ae2-1047-466c-919d-664cbd48acb6,,true,true,,false,true,false,false,false,false,true,true
2025-03-21,ecephys_762526_2025-03-21_11-17-05,4a83ab1e-ffc5-432c-9751-0f339f5a6762,,true,true,,false,true,true,true,true,true,true,true
2025-03-20,ecephys_762526_2025-03-20_11-14-29,3d0ac45d-d759-42cf-a787-53e3c0fe4278,,true,true,,false,true,true,true,true,true,true,true
2025-03-19,ecephys_780329_2025-03-19_11-00-46,e16cc9b2-a37e-4355-a5ed-b94b92fc5f4a,,true,true,,false,true,false,false,false,false,true,true
2025-03-19,ecephys_762526_2025-03-19_14-43-04,596fa2f8-788c-4a0d-a20d-64fcded7f520,,true,true,,false,true,true,true,true,true,true,true
2025-03-18,ecephys_762526_2025-03-18_12-18-59,d719d8b3-d83f-4936-88bf-6f6f4dc69078,,true,true,,false,true,true,true,true,true,true,true
2025-03-06,ecephys_772655_2025-03-06_??-??-??,"",,false,,,,,,,,,,
2025-03-05,ecephys_772655_2025-03-05_??-??-??,"",,false,,,,,,,,,,
2025-02-13,ecephys_754852_2025-02-13_13-55-21,88b1f838-cbd1-4184-a710-2c35aecbc883,,true,true,,false,true,false,true,true,true,true,true
2025-02-12,ecephys_754852_2025-02-12_14-47-39,a28dad17-69cd-4ae0-8664-4583a58d7a7a,,true,true,,false,true,false,true,true,true,false,false
2025-02-11,ecephys_754852_2025-02-11_16-14-43,708e89a4-f5eb-4fa5-b319-7cf1913debc9,,true,true,,false,true,false,true,true,true,true,true
2025-02-10,ecephys_754852_2025-02-10_15-58-04,757abd17-caf3-4931-ae1e-468ba353e9b5,,true,true,,false,true,true,true,true,true,false,false
2025-02-07,ecephys_759434_2025-02-07_10-59-54,f7628a30-34d0-4d91-aaef-ae5c8ee6cffa,,true,true,,true,true,true,true,true,true,true,true
2025-02-06,ecephys_759434_2025-02-06_12-25-33,bf8dd17c-4895-42cf-9dd2-cc6b1516648b,,true,true,,true,true,true,true,true,true,true,true
2025-02-05,ecephys_759434_2025-02-05_12-32-35,476cdb34-cbac-4a44-9914-f585eb169a8d,,true,true,,true,true,true,true,true,true,true,true
2025-02-04,ecephys_759434_2025-02-04_12-27-22,7eb6f148-ceb7-43f4-8e84-641c0db17535,,true,true,,true,true,true,true,true,true,true,true
2025-02-03,ecephys_759434_2025-02-03_13-16-51,68c89ce8-8f53-4886-ae83-37f26f1fdbbc,,true,true,,true,true,true,true,true,true,true,true
2025-01-31,ecephys_746439_2025-01-31_11-23-11,d0e79806-ea5e-4c63-8f20-49076d80e9e8,,true,true,,true,true,true,true,true,true,true,true
2025-01-30,ecephys_746439_2025-01-30_13-49-10,b77a033b-a391-4399-bd49-fd2d64cf4036,,true,true,,true,true,true,true,true,true,true,true
2025-01-29,ecephys_746439_2025-01-29_13-50-15,7ccc430f-f730-4a92-b547-60fbbc697c30,,true,true,,true,true,true,true,true,true,true,true
2025-01-28,ecephys_746439_2025-01-28_13-35-22,e1f1f837-30f8-4f66-8cfb-59d0a614ea6c,,true,true,,true,true,true,true,true,true,true,true
2025-01-27,ecephys_746439_2025-01-27_14-22-49,64055636-8c44-4c0c-945e-c2a854061ee5,,true,true,,true,true,true,true,true,true,true,true
2025-01-16,ecephys_744279_2025-01-16_14-01-37,06ca58d9-84fd-40da-8e38-a68f8e75a70a,ab52856c-f600-4f41-a7a1-230fb76fdba2,true,true,true,true,true,true,true,true,true,true,true
2025-01-15,ecephys_744279_2025-01-15_13-46-00,7797e33d-46a0-403d-837c-1e46f0bcc401,296511c1-2efe-41d7-8919-82fb05f1970f,true,true,true,true,true,true,true,true,true,true,true
2025-01-14,ecephys_744279_2025-01-14_13-29-01,aa2770f4-32da-4444-a260-14a5cee6de29,c87619de-677f-471e-8c2e-877c38de7ec5,true,true,true,true,true,true,true,true,true,true,true
2025-01-13,ecephys_744279_2025-01-13_13-26-43,484cff31-2729-4ed6-bc74-fd4d5e76b038,,true,true,,true,true,true,true,true,true,true,true
2024-12-20,ecephys_761583_2024-12-20_10-37-04,424fe5c8-81b2-49be-a477-69b27e4ecd7c,,true,true,,false,true,true,true,true,true,true,true
2024-12-19,ecephys_761583_2024-12-19_10-22-20,61eedc7a-6570-46bc-830b-d5f4c0d578ba,d0eb1c38-dfe2-4a3a-8459-b4e1b2c98282,true,true,true,false,true,true,true,true,true,true,true
2024-12-18,ecephys_761583_2024-12-18_10-41-53,34b8fa08-d475-4851-a7e5-d1bc0fbd594d,d1095001-7071-4584-a9bb-d65da083bf75,true,true,true,false,true,true,true,true,true,false,false
2024-12-17,ecephys_761583_2024-12-17_10-51-40,0898071e-4fd0-4583-9de9-1ba726af6cdb,,true,true,,true,true,true,true,true,true,true,true
2024-12-16,ecephys_761583_2024-12-16_10-57-31,515abb89-535e-4abd-bd89-1a6a08b2a4b5,,true,true,,true,true,true,true,true,true,true,true
2024-12-06,ecephys_743199_2024-12-06_11-06-17,369ccd22-0af4-439c-89e6-2a2c8ec49075,148b7af2-2ff9-4657-bc9a-1289c01b0a63,true,true,true,true,true,true,true,true,true,true,true
2024-12-05,ecephys_743199_2024-12-05_12-42-34,bbce0415-2546-41f6-aec5-c5a541030a83,a541bc04-e87f-4590-a5de-a09a833ed345,true,true,true,true,true,true,true,true,true,true,true
2024-12-04,ecephys_743199_2024-12-04_12-21-46,aeba93b7-0aee-4c86-bd47-08a430d30405,31730d75-068a-4246-83fc-f77e3c4c9253,true,true,true,true,true,true,true,true,true,true,true
2024-12-03,ecephys_743199_2024-12-03_12-06-00,817013b5-93b7-4ff7-8f4a-986f2ccdba2c,9c774cd8-2f42-4ebf-b9ef-ca6f11104709,true,true,true,true,true,true,true,true,true,true,true
2024-12-02,ecephys_762124_2024-12-02_15-05-40,a2e819ad-f4e5-4d30-8434-b5b375169358,,true,true,,true,true,true,true,true,true,true,true
2024-11-27,ecephys_750329_2024-11-27_09-57-44,2a20a75e-4f63-47d5-87c3-34e02616648f,,true,true,,true,true,true,true,true,true,true,true
2024-11-26,ecephys_750329_2024-11-26_12-18-22,090bd6b3-0560-4552-b99e-66fd3aa89e01,,true,true,,true,true,true,true,true,true,true,true
2024-11-25,ecephys_750329_2024-11-25_12-10-17,2a418093-13df-4c47-aeb1-f8340f4a2e2f,,true,true,,true,true,true,true,true,true,true,true
2024-11-20,ecephys_751595_2024-11-20_14-42-14,0bf59437-bbbd-4f2b-9df8-bd73d52cae5d,,true,true,,false,true,true,true,true,true,true,true
2024-11-14,ecephys_744740_2024-11-14_12-13-47,67ebb832-2e2a-43fe-b133-92b5121adb00,,true,true,,false,true,true,true,true,true,true,true
2024-11-13,ecephys_744740_2024-11-13_11-40-22,bc0ca0d3-c04d-45b2-8abb-265b59b22aae,6b3d0d18-461c-45e6-b315-60921c0d43d4,true,true,true,false,true,true,true,true,true,true,true
2024-11-12,ecephys_744740_2024-11-12_12-35-16,b239f773-541e-4456-8227-279e59d880ab,,true,true,,false,true,true,true,true,true,true,true
2024-11-11,ecephys_744740_2024-11-11_13-10-38,a94798a8-1ac3-40a8-9188-cbd58237e065,,true,true,,false,true,true,true,true,true,true,true
2024-11-06,ecephys_767172_2024-11-06_14-42-41,5bd59f85-e438-4f3e-9e19-24bfb715a304,,true,true,,false,true,true,true,true,true,true,true
2024-10-31,ecephys_764725_2024-10-31_14-35-12,009f6d7c-b84c-4753-a51c-2a82a1a7e135,,true,true,,false,true,true,true,true,true,false,false
2024-10-30,ecephys_761584_2024-10-30_14-03-08,824f4246-f459-4d55-b273-d5375ee73f82,,true,true,,false,true,true,true,true,true,true,true
2024-10-29,ecephys_748098_2024-10-29_13-41-23,4de12ecb-29f0-4c6e-84bf-08906b2a06f1,,true,true,,false,true,true,true,true,true,true,true
2024-10-25,ecephys_742903_2024-10-25_10-18-56,b0e1bd92-359a-4c40-abf7-b78e33aea911,,true,false,,,true,true,true,true,true,true,true
2024-10-24,ecephys_742903_2024-10-24_10-58-42,055f1410-996f-40b4-ae19-6ae7244d3b1a,,true,true,,true,true,true,true,true,true,true,true
2024-10-23,ecephys_742903_2024-10-23_14-12-23,f6f753b3-4c83-4514-ba89-9b0f32572896,,true,true,,true,true,true,true,true,true,true,true
2024-10-22,ecephys_742903_2024-10-22_10-58-35,e2e0cfef-b1b1-4987-86e7-ca9b98b30759,,true,true,,true,true,true,true,true,true,true,true
2024-10-21,ecephys_742903_2024-10-21_11-44-38,add833f5-e093-4e5f-85a1-8af342fbf115,,true,true,,true,true,true,true,true,true,true,true
2024-10-18,ecephys_741148_2024-10-18_11-28-58,1e0df0ee-2946-4058-9fd3-da953ad4ae81,81bc7716-a0b1-4172-878e-cf4c1c534492,true,true,true,true,true,true,true,true,true,true,true
2024-10-17,ecephys_741148_2024-10-17_13-15-17,d9bcb42b-9f5b-4846-aba1-ee9cad89f56b,3e7c9442-2535-4f9b-8a5c-f7da04e6fe1e,true,true,true,true,true,true,true,true,true,true,true
2024-10-16,ecephys_741148_2024-10-16_13-01-19,08faa8a5-90c7-48c8-9975-15fbbf8b0157,,true,true,,true,true,true,true,true,true,true,true
2024-10-15,ecephys_741148_2024-10-15_12-57-42,53bcec3b-1812-486f-ba3d-5d46fdbf533d,,true,true,,true,true,true,true,true,true,true,true
2024-10-11,ecephys_741137_2024-10-11_11-34-19,5f5598cc-c340-4cf4-83dd-7d63beadfe1f,648f2abb-bd04-4d78-a9f1-1e86635e027c,true,true,true,true,true,true,true,true,true,true,true
2024-10-10,ecephys_741137_2024-10-10_13-15-50,06903c71-af66-49a3-9593-07c594e59221,ae0135fa-4811-40b2-b41b-dfa2d0b3a707,true,true,true,true,true,true,true,true,true,true,true
2024-10-09,ecephys_741137_2024-10-09_13-47-51,2f5dde52-a947-40c7-b6e6-d9150ff3e0db,3b6fef1a-2d53-47fa-9305-0a2321ac83ee,true,true,true,true,true,true,true,true,true,true,true
2024-10-08,ecephys_741137_2024-10-08_13-18-33,836e1409-a433-481f-bcdd-5eb7200e0845,97656238-bd85-4279-8c9f-be636eaaec19,true,true,true,true,true,true,true,true,true,true,true
2024-10-04,ecephys_728917_2024-10-04_11-50-09,61eceb73-ca25-44d6-a0aa-e0726815fec7,,true,true,,true,true,true,true,true,true,true,true
2024-09-27,ecephys_737403_2024-09-27_10-30-18,db9ea44b-5749-4a1d-a3eb-a9f5d02fb2b9,bfd606b8-44b2-46ae-8fa5-a52d692ce3ca,true,true,true,true,true,true,true,true,true,true,true
2024-09-26,ecephys_737403_2024-09-26_12-25-18,dfbc787d-efa5-4fa4-b151-495c89a5bee2,a99c3826-afc4-42b0-8ac1-3cdce324f9d7,true,true,true,true,true,true,true,true,true,false,false
2024-09-25,ecephys_737403_2024-09-25_13-52-30,22252612-b950-4457-959e-ab2acecf47aa,a47594b3-ae5f-4c2c-b9ec-96a0c4aec636,true,true,true,true,true,true,true,true,true,false,false
2024-09-24,ecephys_737403_2024-09-24_13-46-07,f3fab0c2-7741-4983-8c07-7e3da46b8d2c,1851afaa-a75a-4b8d-8cd9-a459912049ce,true,true,true,true,true,true,true,true,true,false,false
2024-09-20,ecephys_733891_2024-09-20_10-23-33,f69b666a-f8a3-45d7-bfdb-34988b222706,7b2cfd52-98aa-4ace-9abd-53c5b884bc8e,true,true,true,true,true,true,true,true,true,false,false
2024-09-19,ecephys_733891_2024-09-19_12-20-21,bfe893b1-1511-496d-8922-9d2cc840e650,aa59f020-8d03-4d20-8856-94ad8ca138e2,true,true,true,true,true,true,true,true,true,false,false
2024-09-18,ecephys_733891_2024-09-18_12-17-58,12e5b142-c78e-4660-8b22-f840e9530c8e,33317729-8537-42b8-882d-5c9115659617,true,true,true,true,true,true,true,true,true,false,false
2024-09-17,ecephys_733891_2024-09-17_12-18-46,492f6279-fc5c-40cc-b49a-cf02df2e75f1,a4ccf35e-b9a9-4c91-aba5-b4f64de2616f,true,true,true,true,true,true,true,true,true,false,false
2024-09-16,ecephys_733891_2024-09-16_15-10-27,12152a97-a941-4d32-b21c-0769192303f2,12296a17-f914-4a69-9b33-96b0d30aeeca,true,true,true,true,true,true,true,true,true,false,false
2024-09-12,ecephys_741611_2024-09-12_14-03-53,9cf70ea3-fe71-439d-84b6-d8e99ee64cab,,true,true,,true,true,true,true,true,true,false,false
2024-09-11,ecephys_741611_2024-09-11_13-58-36,26fee295-5fe2-4919-b72c-807bb809e3f7,,true,true,,true,true,true,true,true,true,false,false
2024-09-06,ecephys_733780_2024-09-06_10-43-29,febe74de-4620-42ba-80a8-2b091ed54343,c88f433d-7b5c-420d-9451-3f244eb96e2f,true,true,true,true,true,true,true,true,true,false,false
2024-09-05,ecephys_733780_2024-09-05_12-36-26,987c5383-32e0-414c-8b3f-b1bc21797bda,4a8ac271-8d41-4d18-8c37-2a542f8fc8e9,true,true,true,true,true,true,true,true,true,false,false
2024-09-05,ecephys_736208_2024-09-05_14-36-19,9dfbe002-a646-4d06-917e-f1b4e00c797c,,true,true,,false,true,true,true,true,true,false,false
2024-09-04,ecephys_736208_2024-09-04_14-29-49,f9c06e51-f953-4f00-9efe-23349dcf74c1,,true,true,,false,true,true,true,true,true,true,true
2024-09-04,ecephys_733780_2024-09-04_12-36-45,1fdf645c-fd7b-40c9-a065-b09618f118e5,d47c650b-b034-41ec-8175-218419b0fa3e,true,true,true,true,true,true,true,true,true,false,false
2024-09-03,ecephys_733780_2024-09-03_12-39-58,d6b251bd-608c-470d-bbea-ad3eb570b055,531b8333-0880-4153-960f-848699857cf9,true,true,true,true,true,true,true,true,true,false,false
2024-09-03,ecephys_736208_2024-09-03_15-29-07,19f1dc70-548d-466c-9583-522a4b70a9f7,,true,true,,false,true,true,true,true,true,true,true
2024-08-30,ecephys_733780_2024-08-30_10-48-27,02a0bbd1-69e1-4240-803f-d5594331a926,251d15c4-a99e-4d33-a3b4-687eb24a97c5,true,true,true,true,true,true,true,true,true,false,false
2024-08-29,ecephys_733780_2024-08-29_12-10-54,db7b0615-96d6-4387-b24d-78a7edaa42a5,37e15958-85cd-4601-885b-d251f71bb3bc,true,true,true,true,true,true,true,true,true,false,false
2024-08-27,ecephys_733780_2024-08-27_12-23-30,4c7198cc-c327-4be1-bdc3-0f6bf6fa13c4,3bf8ebd8-864c-4bce-845a-ec1bbe2deca3,true,true,true,false,true,true,true,true,true,false,false
2024-08-26,ecephys_733780_2024-08-26_14-47-11,087ac9c5-ec08-42cc-bf35-9fcd7830a8d7,58f8517b-150d-40e2-8781-f01c5f4507be,true,true,true,true,true,true,true,true,true,false,false
2024-08-23,ecephys_718283_2024-08-23_11-23-47,747fd72a-4880-4a77-9eba-c3aee8232a0c,,true,true,,false,true,true,true,true,true,false,false
2024-08-22,ecephys_718283_2024-08-22_13-18-07,8e17dff2-7b16-4b6b-9afc-acec58a1e48c,,true,true,,false,true,true,true,true,true,true,true
2024-08-21,ecephys_718283_2024-08-21_14-24-58,8b0b6fec-7fa4-40d6-844a-518515c22a52,,true,true,,false,true,true,true,true,true,true,true
2024-08-20,ecephys_718283_2024-08-20_14-50-41,22e5e36e-ce03-4be6-8404-a17d3acf1db5,,true,true,,false,true,true,true,true,true,false,false
2024-08-16,ecephys_733887_2024-08-16_11-04-34,17820cf8-de53-4a40-b939-abdf02496bd1,f956d6b0-e209-4530-bba3-ce89aca568fa,true,true,true,false,true,true,true,true,true,true,true
2024-08-15,ecephys_733887_2024-08-15_13-13-15,d7aea162-212a-478c-aa78-779e3be1e162,,true,true,,false,true,true,true,true,true,true,true
2024-08-14,ecephys_733887_2024-08-14_13-32-51,d0c10061-26b6-412e-97c3-afa023f7f36d,,true,true,,false,true,true,true,true,true,true,true
2024-08-13,ecephys_736803_2024-08-13_15-21-04,e7eadd7a-69d0-44a3-9cd3-187f398009c6,,true,true,,false,true,true,true,true,true,false,false
2024-08-13,ecephys_733887_2024-08-13_14-50-04,ab205f5e-98e4-445c-86e7-54671d60ad7b,,true,true,,false,true,true,true,true,true,true,true
2024-08-09,ecephys_715709_2024-08-09_10-39-36,f5d591fe-d175-4742-8212-109a7f879c15,,true,true,,false,true,true,true,true,true,true,true
2024-08-09,ecephys_713655_2024-08-09_10-41-47,d5f45709-e119-4fe4-aebc-4ca08d182959,,true,true,,true,true,true,true,true,true,false,false
2024-08-08,ecephys_715709_2024-08-08_15-05-22,148b1374-03d5-44cd-ba6f-af377796a8ef,,true,true,,false,true,true,true,true,true,false,false
2024-08-08,ecephys_713655_2024-08-08_11-52-03,f0ae51fb-4525-4a12-ba48-87e26c708e3f,e36923da-19d1-40a4-b291-b387b87a4880,true,true,true,true,true,true,true,true,true,true,true
2024-08-07,ecephys_715709_2024-08-07_14-34-45,d1494b8f-50a9-461a-afd4-16f2087fca60,,true,true,,false,true,true,true,true,true,false,false
2024-08-07,ecephys_713655_2024-08-07_12-03-44,4eea8e0a-edbe-4b7c-bea0-219584a7a04c,bcefb768-900e-4906-a9af-97f101d653fc,true,true,true,true,true,true,true,true,true,true,true
2024-08-06,ecephys_713655_2024-08-06_12-32-13,bd5a673c-44c7-467b-ab28-3ce36a53852d,,true,true,,true,true,true,true,true,true,true,true
2024-08-05,ecephys_713655_2024-08-05_14-14-56,9a681aa7-ccf3-43ff-b1be-5349a128c0f7,,true,true,,true,true,true,true,true,true,true,true
2024-08-02,ecephys_716718_2024-08-02_12-34-23,5138a98e-01d6-47da-9527-59bd60338560,,true,true,,false,true,true,true,true,true,true,true
2024-08-01,ecephys_716718_2024-08-01_14-49-35,cb808602-132e-4e4d-8da1-d9292ed80b83,,true,true,,false,true,true,true,true,true,true,true
2024-07-31,ecephys_716718_2024-07-31_15-21-30,9235b25b-ff68-4369-82a7-83fa341a50c9,,true,true,,false,true,true,true,true,true,false,false
2024-07-30,ecephys_716718_2024-07-30_17-06-33,c83acec1-bf0c-426d-90fb-b4085b256db3,,true,true,,false,true,true,true,true,true,true,true
2024-07-25,ecephys_724612_2024-07-25_16-28-00,97ec4a3e-feb2-4ef8-8272-6ca05442c1f5,,true,true,,false,true,true,true,true,true,false,false
2024-07-24,ecephys_724612_2024-07-24_17-55-55,09e1c03b-1836-4122-99d1-026581115d82,,true,true,,false,true,true,true,true,true,false,false
2024-07-23,ecephys_724612_2024-07-23_??-??-??,"",,false,,,,,,,,,,
2024-07-22,ecephys_724612_2024-07-22_17-12-41,43e0800e-59b5-4e7e-86c3-f1bf4bded67f,,true,true,,false,true,true,true,true,true,false,false
2024-07-19,ecephys_715710_2024-07-19_11-00-07,be007ac8-7ee7-4bd8-8636-6edbf77c0da3,,true,true,,true,true,true,true,true,true,true,true
2024-07-18,ecephys_715710_2024-07-18_12-41-13,64300da8-947f-446c-8632-9b27a780c885,,true,true,,true,true,true,true,true,true,true,true
2024-07-17,ecephys_715710_2024-07-17_14-19-17,b70b1f73-dfc3-4241-bb90-d98fbbf1b9ae,,true,true,,true,true,true,true,true,true,true,true
2024-07-16,ecephys_715710_2024-07-16_12-58-34,7e95a602-bcd4-4c0b-9337-b365c90eac51,,true,true,,true,true,true,true,true,true,true,true
2024-07-15,ecephys_715710_2024-07-15_13-41-08,61679887-9534-4733-99ca-c1484622bcbf,,true,true,,true,true,true,true,true,true,true,true
2024-07-12,ecephys_712138_2024-07-12_11-24-40,97672c72-dddb-4e11-8c40-84f93b6326fd,,true,true,,false,true,true,true,true,true,true,true
2024-07-05,ecephys_714753_2024-07-05_10-31-35,62639705-f45c-4711-b9e1-49529fba9e75,,true,true,,false,true,true,true,true,true,false,false
2024-07-03,ecephys_714753_2024-07-03_11-03-53,86566059-e3b8-4963-aa72-4cf0388ab803,404ef75e-5434-4a3b-93a7-530d581ff600,true,true,true,false,true,true,true,true,true,false,false
2024-07-02,ecephys_714753_2024-07-02_12-45-32,51fb04ae-d3e9-44eb-8092-dda2ca4e8aed,,true,true,,true,true,true,true,true,true,true,true
2024-07-01,ecephys_714753_2024-07-01_13-15-09,12e8fee8-3910-46f1-af6a-97513056d817,441f3234-a5a1-4d92-a40f-0e4264368334,true,true,true,true,true,true,true,true,true,true,true
2024-06-28,ecephys_714748_2024-06-28_09-58-59,42ae6201-ac15-4bc2-b068-41397ae5eb7d,,true,true,,false,true,true,true,true,true,false,false
2024-06-27,ecephys_715706_2024-06-27_12-49-31,62e0c8ba-d278-4b2c-b483-266b1a4b40b8,,true,true,,false,true,true,true,true,true,true,true
2024-06-27,ecephys_714748_2024-06-27_13-47-27,f17163f6-ca77-42a1-8434-86b2bf8fb9d3,9187a57f-dbc3-4934-bcb1-e74ffad2e515,true,true,true,true,true,true,true,true,true,true,true
2024-06-26,ecephys_715706_2024-06-26_14-24-27,09457ef6-3f60-4fc9-aacc-eefd772b9eae,,true,true,,false,true,true,true,true,true,true,true
2024-06-26,ecephys_714748_2024-06-26_12-26-41,54715886-5fbf-4c53-96b3-0d43f9effd52,c6060b60-9e15-46ed-a18c-4f8a6c815693,true,true,true,true,true,true,true,true,true,true,true
2024-06-25,ecephys_714748_2024-06-25_12-40-30,adf3dbeb-f9b0-41c6-8bad-ce99aeee7924,,true,true,,true,true,true,true,true,true,true,true
2024-06-24,ecephys_714748_2024-06-24_12-52-23,74a640a4-ee2a-43c3-82f8-63f6f8038375,,true,true,,true,true,true,true,true,true,true,true
2024-06-21,ecephys_726088_2024-06-21_12-15-30,7e876c51-3027-4cf7-b179-c5994a86a903,774355e7-e914-40fd-9630-83d8b87267eb,true,true,true,true,true,true,true,true,true,true,true
2024-06-20,ecephys_734897_2024-06-20_15-23-44,48e256a1-ec93-4494-b843-f211b4623995,,true,true,,false,true,false,false,false,false,true,true
2024-06-20,ecephys_726088_2024-06-20_12-49-01,3f492404-47ee-405a-a3e8-62e2f9558a76,18a43079-cd17-43e8-8346-b1f8575c9d9a,true,true,true,true,true,true,true,true,true,true,true
2024-06-18,ecephys_734897_2024-06-18_15-50-20,ab4bb142-4733-4704-bf3d-71d4c5aa1c13,,true,true,,false,true,false,false,false,false,true,true
2024-06-18,ecephys_726088_2024-06-18_12-58-00,ed8dce4e-0bf5-48ec-a82a-b5053f0ce702,,true,true,,true,true,true,true,true,true,false,false
2024-06-17,ecephys_726088_2024-06-17_13-01-42,f43b3a84-ab6c-43a0-b02a-4ef1fbc33b29,,true,true,,true,true,true,true,true,true,true,true
2024-06-13,ecephys_712141_2024-06-13_12-37-56,9ea75869-57b8-4c49-ac83-4c285dedd789,,true,true,,false,true,true,true,true,true,true,true
2024-06-12,ecephys_712141_2024-06-12_12-46-46,af88939d-fda9-4eb9-b841-3450bdb8eebb,,true,true,,false,true,true,true,true,true,true,true
2024-06-11,ecephys_712141_2024-06-11_11-50-06,09b93773-1c93-45f6-a1e9-91f905aff993,,true,true,,false,true,true,true,true,true,true,true
2024-06-10,ecephys_712141_2024-06-10_16-12-17,68ec1174-fec5-4f3c-ade1-a94d40d709ef,,true,true,,false,true,true,true,true,true,true,true
2024-06-06,ecephys_712141_2024-06-06_10-44-36,aae3e5ae-b83c-4ac0-b56b-be7acd011e3c,,true,true,,false,true,true,true,true,true,true,true
2024-06-05,ecephys_712141_2024-06-05_12-45-16,a7a59910-e1b6-453c-b889-7adb4eb70748,,true,true,,false,true,true,true,true,true,true,true
2024-05-23,ecephys_712815_2024-05-23_11-40-25,0e731063-29a7-4547-9df5-6c2a8f6b12d0,8f6191ac-4121-42ce-8d36-3827a118860a,true,true,true,true,true,true,true,true,true,true,false
2024-05-22,ecephys_712815_2024-05-22_12-26-32,d13ec860-846a-4b51-a458-f4d43478ee45,0fd7ae35-7b99-48de-a390-05ee6a46ffc3,true,true,true,true,true,true,true,true,true,true,false
2024-05-21,ecephys_712815_2024-05-21_11-01-35,a91c55c1-8224-46d1-a602-90de29e3c626,5e74689e-b7ca-4838-918a-57763688106b,true,true,true,true,true,true,true,true,true,false,false
2024-05-20,ecephys_712815_2024-05-20_11-22-02,e769c361-8c09-44f5-b37c-0620810fd1f8,edae87c1-00d8-485a-9e5e-24251a99d245,true,true,true,true,true,true,true,true,true,false,false
2024-05-17,ecephys_721536_2024-05-17_14-15-41,5315e21f-d081-45ab-893d-6aea149f3e4a,,true,true,,false,true,true,true,true,true,true,false
2024-05-17,ecephys_708020_2024-05-17_10-01-28,c9cc7ce1-4473-481d-9a92-33fee0ac212c,,true,true,,false,true,true,true,true,true,false,false
2024-05-16,ecephys_721536_2024-05-16_12-32-31,6d51073c-4d20-4862-96b3-d4c137415ab9,,true,true,,false,true,true,true,true,true,false,false
2024-05-09,ecephys_703881_2024-05-09_13-31-01,eff9e91b-56d5-4bd7-8e68-83280e8003c4,,true,true,,false,true,true,true,true,true,true,true
2024-05-02,ecephys_708016_2024-05-02_12-19-12,222a825c-3b75-441c-bc11-eddc89688530,,true,true,,true,true,true,true,true,true,true,true
2024-05-01,ecephys_708016_2024-05-01_12-35-15,16988c13-f169-4fbe-a374-e7e0d1b896d6,7a3dac2d-64e9-4a8b-bb85-afada99fb0c2,true,true,true,true,true,true,true,true,true,true,true
2024-04-30,ecephys_708016_2024-04-30_12-58-28,3d491ccd-1be2-434a-92d3-d63a90aa2798,f3ddeb53-7824-44de-87d7-77e0d8b1ad00,true,true,true,true,true,true,true,true,true,true,true
2024-04-29,ecephys_708016_2024-04-29_12-59-12,86bf61be-8fee-44a6-af7b-4c634142fb36,1d3bee8d-bc60-4503-a55d-c147db531039,true,true,true,true,true,true,true,true,true,true,true
2024-04-25,ecephys_706401_2024-04-25_12-03-03,c589a447-2c20-4eb5-8885-dbdcfc3160e1,,true,true,,false,true,true,true,true,true,true,true
2024-04-25,ecephys_703882_2024-04-25_13-38-55,55364c8a-4e8d-4cfd-bfed-0b85c9074012,82f897f5-02bc-4886-ba2c-ef7e7f67fe8a,true,true,true,true,true,true,true,true,true,true,true
2024-04-24,ecephys_706401_2024-04-24_12-26-03,c969b214-fbb1-41fe-92e8-317621a6c62a,,true,true,,true,true,true,true,true,true,true,true
2024-04-24,ecephys_703882_2024-04-24_13-20-23,6ef00121-0013-481a-97a8-5480b3e2f6d3,e5c6505a-f879-4e49-ba39-572c3bf2142c,true,true,true,true,true,true,true,true,true,true,true
2024-04-23,ecephys_706401_2024-04-23_12-56-24,c61a1bad-69e3-45d6-a780-c7a99c28bc95,,true,true,,true,true,true,true,true,true,false,false
2024-04-23,ecephys_703882_2024-04-23_13-08-13,f53c46a1-c369-48aa-9159-f5c7d668a601,95d16e77-0f35-45ea-b702-644b06299c7a,true,true,true,true,true,true,true,true,true,true,true
2024-04-22,ecephys_703882_2024-04-22_14-19-48,463b1301-12ad-45a3-b07b-b6f515ceeb8c,fbbe397e-68bc-4185-86e2-d0b93c569053,true,true,true,true,true,true,true,true,true,true,true
2024-04-22,ecephys_706401_2024-04-22_13-15-24,0f77ad84-142f-4792-97c5-002eb9a8ccfa,aef79ac8-7442-41e3-9fc6-3444f8c17893,true,true,true,true,true,true,true,true,true,true,true
2024-04-18,ecephys_703880_2024-04-18_13-06-56,07cd5aa8-9093-4c2e-9e05-c3a307223f7d,54839a98-c91b-446d-a86e-dcab30db42f0,true,true,true,true,true,true,true,true,true,true,true
2024-04-18,ecephys_699847_2024-04-18_13-42-34,fb860dbb-b9cc-4635-bcfd-024340428bcd,,true,true,,true,true,true,true,true,true,true,true
2024-04-17,ecephys_699847_2024-04-17_12-12-44,990178eb-2f64-4cc6-a934-e60c77bfe38d,,true,true,,true,true,true,true,true,true,true,true
2024-04-17,ecephys_703880_2024-04-17_14-00-21,050a142c-fcd9-4c52-b5dc-69ff71abe320,138eaf76-e585-4c54-a63a-3d19fc9d2b02,true,true,true,true,true,true,true,true,true,true,true
2024-04-16,ecephys_699847_2024-04-16_12-21-30,b334bb09-9068-477c-9429-6a87a8582a8d,a2f8211f-fea4-4d93-a1ff-997e887d93ec,true,true,true,true,true,true,true,true,true,true,true
2024-04-16,ecephys_703880_2024-04-16_14-33-57,7457c438-0b66-473e-9c43-18666fcba9d6,37266616-35c5-4e35-9b02-2c7a1578c2de,true,true,true,true,true,true,true,true,true,true,true
2024-04-15,ecephys_703880_2024-04-15_14-02-31,aa39dc79-20b3-4db7-8658-ab4c5eec6b9b,8bdcb576-bdbb-4a33-a39e-dcba15d4ae90,true,true,true,true,true,true,true,true,true,true,true
2024-04-15,ecephys_699847_2024-04-15_12-48-18,4ce3269f-fc64-487f-925b-7af1f3b9ee76,cebbae3b-714b-4fad-acd3-085a14132a95,true,true,true,true,true,true,true,true,true,true,true
2024-04-11,ecephys_703333_2024-04-11_12-08-55,365cc249-e23a-443a-9796-493cfa781fe8,,true,true,,true,true,true,true,true,true,true,true
2024-04-10,ecephys_703333_2024-04-10_12-21-23,311011c8-8d79-4221-af3b-b44e80deb8a8,,true,true,,true,true,true,true,true,true,true,true
2024-04-09,ecephys_703333_2024-04-09_13-06-44,c35c978b-176b-495a-9259-b364328d5831,66293048-cd75-4e53-94fd-564f42e77bde,true,true,true,true,true,true,true,true,true,true,true
2024-04-08,ecephys_703333_2024-04-08_14-27-42,d3e23c2f-ebe3-443c-8b91-e575d6007112,7b059b34-40b1-4a3c-8d88-4e693ef0e685,true,true,true,true,true,true,true,true,true,true,true
2024-03-07,ecephys_702136_2024-03-07_12-50-28,1069dc78-8a63-4c07-860f-4aebcd9579f1,d3af7b59-1882-4e58-8e37-0ceec7a1af2a,true,true,true,true,true,true,true,true,true,true,true
2024-03-06,ecephys_702136_2024-03-06_11-25-22,3c92f9d8-a156-4918-b672-689478c54133,3ea37e02-8ed4-44ad-be64-52bc898e0f11,true,true,true,true,true,true,true,true,true,true,true
2024-03-05,ecephys_702136_2024-03-05_11-58-21,b84cf1e6-8788-46ac-8258-5ef59e97f751,,true,true,,true,true,true,true,true,true,true,true
2024-03-04,ecephys_702136_2024-03-04_13-21-35,08ff3c15-8457-492a-8fda-406158d28358,7a9dba77-f298-4362-a954-ff52ecbe72fa,true,true,true,true,true,false,false,true,true,true,true
2024-02-27,ecephys_702131_2024-02-27_13-23-42,4a30f487-f709-4f4a-85f3-9b0cac1abd85,,true,true,,false,true,true,true,true,true,false,false
2024-02-26,ecephys_702131_2024-02-26_15-36-14,6320d7b2-2cb0-46e2-8d79-a30f8e0110ca,,true,true,,true,true,true,true,true,true,true,true
2023-12-14,ecephys_676909_2023-12-14_12-43-11,b37ea55d-07f7-43a4-9c05-9f32837bd8b9,,true,true,,true,true,true,true,true,true,true,true
2023-12-13,ecephys_676909_2023-12-13_13-43-40,16d46411-540a-4122-b47f-8cb2a15d593a,,true,true,,true,true,true,true,true,true,true,true
2023-12-12,ecephys_676909_2023-12-12_13-04-37,ce9e609e-1b25-4a9a-98db-b6c4f6e3b8eb,,true,true,,true,true,true,true,true,true,true,true
2023-12-11,ecephys_676909_2023-12-11_14-24-35,4ef56bc4-1628-4939-bb52-41a6a2c356fc,,true,true,,true,true,true,true,true,true,true,true
2023-12-07,ecephys_686176_2023-12-07_13-06-44,289d3a04-bb51-4b33-a28e-b779b9364774,,true,true,,true,true,true,true,true,true,true,true
2023-12-06,ecephys_686176_2023-12-06_13-03-34,41eda28b-b948-4f07-b47e-0271e8b1b508,,true,true,,true,true,true,true,true,true,true,true
2023-12-05,ecephys_686176_2023-12-05_14-02-22,4dd1bda0-b3b6-4b70-98c5-c3cf598c4a75,,true,true,,true,true,true,true,true,true,true,true
2023-12-04,ecephys_686176_2023-12-04_13-06-37,9f001e39-fbbc-415f-bf89-e412d34ebe24,,true,true,,true,true,true,true,true,true,true,true
2023-11-30,ecephys_690706_2023-11-30_12-37-41,ab221402-dc45-4546-bc3a-e8fc32a08479,70ee08db-8bb0-4dcb-9be9-9ec0ca656b48,true,true,true,true,true,true,true,true,true,true,true
2023-11-29,ecephys_690706_2023-11-29_12-50-23,f9488261-5cd7-493d-a46a-9045bb2ab00a,8baf2400-2ec6-47e9-a440-24a6e271349a,true,true,true,true,true,true,true,true,true,true,true
2023-11-28,ecephys_690706_2023-11-28_12-25-50,325765cd-c679-40f7-a59b-ebaab9dd5866,,true,true,,true,true,true,true,true,true,true,true
2023-11-27,ecephys_690706_2023-11-27_15-10-08,ac067b13-ca4d-42e2-a0ca-8f410bba310d,,true,true,,true,true,true,true,true,true,true,true
2023-11-21,ecephys_664566_2023-11-21_13-18-31,2715cb6a-ea84-4835-9502-f6f790274f47,,true,false,,,true,true,true,true,true,false,false
2023-11-20,ecephys_664566_2023-11-20_15-41-47,a21f8602-c484-4fd0-927c-82c5fca7e468,,true,false,,,true,true,true,true,true,false,false
2023-11-16,ecephys_664851_2023-11-16_12-54-53,29a8d729-471b-46dc-b7d3-3a6b58f3a0af,,true,true,,true,true,true,true,true,true,true,true
2023-11-15,ecephys_664851_2023-11-15_12-38-21,52d0c0e4-e3c9-4ad1-a45e-fa630cb3a37e,,true,true,,true,true,true,true,true,true,true,true
2023-11-14,ecephys_664851_2023-11-14_12-44-33,0045c5ae-c468-4429-a1b8-ce7a3d40c595,,true,true,,true,true,true,true,true,true,true,true
2023-11-13,ecephys_664851_2023-11-13_12-49-51,f289a973-72fe-46b1-b09f-9cbb625ed2c9,,true,true,,true,true,true,true,true,true,true,true
2023-10-26,ecephys_686740_2023-10-26_12-29-08,aed59ffa-c7db-4246-84cc-d4bb61f4cbc7,,true,true,,true,true,true,true,true,true,true,true
2023-10-25,ecephys_686740_2023-10-25_12-54-49,048dea2d-d553-47ff-aeb7-c787a002eff3,,true,true,,true,true,true,true,true,true,true,true
2023-10-24,ecephys_686740_2023-10-24_12-46-24,1de50f2e-a981-4cf6-88c0-a492fdc205e6,,true,true,,true,true,true,true,true,true,true,true
2023-10-23,ecephys_686740_2023-10-23_14-11-05,85fa9bbd-2554-4e7c-b033-6d30aa4fe3d8,,true,true,,true,true,true,true,true,true,true,true
2023-10-19,ecephys_681532_2023-10-19_14-33-42,5e1b1353-b0ce-47e3-9c20-f34b4b8f266e,,true,true,,true,true,true,true,true,true,true,true
2023-10-18,ecephys_681532_2023-10-18_13-01-15,7bc771ec-c3e6-44b3-b365-78b7e06137cb,,true,true,,true,true,true,true,true,true,true,true
2023-10-17,ecephys_681532_2023-10-17_14-01-23,96674522-5b34-4706-882e-fa9f0771ced2,,true,true,,true,true,true,true,true,true,true,true
2023-10-16,ecephys_681532_2023-10-16_12-44-24,4925991d-a75b-4689-a602-691d5c7be5c9,,true,true,,true,true,true,true,true,true,true,true
2023-10-05,ecephys_674562_2023-10-05_12-13-56,4dc020ac-dd3e-4a58-a950-193827be737b,,true,true,,true,true,true,true,true,true,true,true
2023-10-04,ecephys_674562_2023-10-04_16-11-29,efee5fe3-9dd1-4002-8228-8d5ca4fd3b4c,,true,true,,true,true,true,true,true,true,true,true
2023-10-03,ecephys_674562_2023-10-03_15-09-37,5aaebd5a-1207-4c0d-b27b-d704e70532f3,,true,true,,true,true,true,true,true,true,true,true
2023-10-02,ecephys_674562_2023-10-02_14-53-25,78640d1e-042d-473f-850d-f4f9c4a82af5,,true,true,,true,true,true,true,true,true,true,true
2023-09-28,ecephys_667252_2023-09-28_15-00-38,a8949eda-940c-4c68-be4c-ccc6e5245e35,,true,true,,true,true,true,true,true,true,true,true
2023-09-27,ecephys_667252_2023-09-27_12-26-58,8d9b2bb1-04de-4053-ae0d-dec11e96d738,,true,true,,true,true,true,true,true,true,true,true
2023-09-26,ecephys_667252_2023-09-26_11-29-49,260b4d8b-f3a2-4135-b648-7970dc5fc30e,,true,true,,true,true,true,true,true,true,true,true
2023-09-25,ecephys_667252_2023-09-25_12-16-37,f557d3ed-29dd-442c-ad25-342876ee7d6a,,true,true,,true,true,true,true,true,true,true,true
2023-08-31,ecephys_668755_2023-08-31_12-33-31,06935d3d-0f3a-40e2-9a7a-3731506cf593,,true,true,,true,true,true,true,true,true,true,true
2023-08-30,ecephys_668755_2023-08-30_12-36-35,9f560a42-8c02-42c8-8574-4d072ea62800,,true,true,,true,true,true,true,true,true,true,true
2023-08-29,ecephys_668755_2023-08-29_13-11-16,760661b5-77c0-4723-b880-21553f9f24ee,8ead2a56-b589-4376-8933-986760844fc1,true,true,true,true,true,true,true,true,true,true,true
2023-08-28,ecephys_668755_2023-08-28_13-06-40,b4d209f5-d6ef-4053-bfe7-03e081dacdb3,267b9392-0178-416c-a910-f8468a84786a,true,true,true,true,true,true,true,true,true,true,true
2023-08-24,ecephys_662892_2023-08-24_14-28-28,70c827ae-822d-4ea3-95b9-21891800a06e,c0a3df1a-9b3c-4d8d-b080-ac399467639b,true,true,true,true,true,true,true,true,true,true,true
2023-08-23,ecephys_662892_2023-08-23_14-02-12,88a8865c-f800-4a7b-aa7a-aa5b3497ca37,5ef74848-2408-4fb3-9a63-3d033213401d,true,true,true,true,true,true,true,true,true,true,true
2023-08-22,ecephys_662892_2023-08-22_12-08-36,be330571-6d30-4198-b588-4eaeac8aee5e,,true,true,,true,true,true,true,true,true,true,true
2023-08-21,ecephys_662892_2023-08-21_12-43-45,4e8d123f-d7f9-4cde-8cb6-53df9638a5e6,,true,true,,true,true,true,true,true,true,true,true
2023-08-17,ecephys_666986_2023-08-17_14-18-36,f0199062-3fea-4136-bd16-32a6256d4104,,true,true,,true,true,true,true,true,true,true,true
2023-08-16,ecephys_666986_2023-08-16_15-12-36,6a9ad443-c8c0-4027-909f-a53b680b9590,,true,true,,true,true,true,true,true,true,true,true
2023-08-15,ecephys_666986_2023-08-15_08-13-00,7d116445-b42d-4ec6-8cad-ffbc3baeeaf6,,true,true,,true,true,true,true,true,true,true,true
2023-08-14,ecephys_666986_2023-08-14_11-38-55,acd4d051-ce70-4b30-80b7-5eaff0f2c70b,,true,true,,true,true,true,true,true,true,true,true
2023-08-09,ecephys_660023_2023-08-09_08-09-09,4037764c-6239-4e36-9b1b-a8d404e93f02,cd78cdcf-8d08-43f2-9d64-7e4fbf0709da,true,true,true,true,true,true,true,true,true,true,true
2023-08-08,ecephys_660023_2023-08-08_07-58-13,96d6c64d-3103-4433-914b-0e9572815421,abe6f0ec-bb42-4c23-be02-1c903859c816,true,true,true,false,true,true,true,true,true,true,true
2023-08-03,ecephys_670248_2023-08-03_12-04-15,77de2fa1-794a-48f5-a016-5f61fa6e5597,,true,true,,true,true,true,true,true,true,true,true
2023-08-02,ecephys_670248_2023-08-02_11-30-53,66a19632-b874-4435-837e-caa038574737,,true,true,,false,true,true,true,true,true,true,true
2023-08-01,ecephys_670248_2023-08-01_11-27-17,9ab84264-f274-4fed-be2f-34da326f29f3,,true,true,,true,true,true,true,true,true,true,true
2023-07-27,ecephys_670180_2023-07-27_11-19-31,749d550c-3d78-4cd7-9f7a-047ab1442422,,true,true,,true,true,true,true,true,true,true,true
2023-07-26,ecephys_670180_2023-07-26_11-22-58,a4d5f80e-2917-49d8-bf6e-296d25edf2dc,,true,true,,true,true,true,true,true,true,true,true
2023-07-25,ecephys_670180_2023-07-25_11-38-03,8190efdf-c695-4995-8e94-efd0364944b4,,true,true,,true,true,true,true,true,true,false,true
2023-07-20,ecephys_670181_2023-07-20_14-34-42,d25830be-10d1-4fe4-9128-37e7898d40d9,,true,true,,true,true,true,true,true,true,true,true
2023-07-18,ecephys_670181_2023-07-18_12-45-30,f9b034d0-5d4f-4ccb-bd7e-cce719c64fb0,,true,true,,true,true,true,true,true,true,true,true
2023-07-13,ecephys_668759_2023-07-13_11-46-16,bc4b0201-f972-4ac6-b9f0-8ffdcd81cd83,,true,true,,true,true,true,true,true,true,true,true
2023-07-12,ecephys_668759_2023-07-12_13-16-54,5e3427a0-c167-475d-a594-71efbac26805,,true,true,,true,true,true,true,true,true,true,true
2023-07-11,ecephys_668759_2023-07-11_13-07-32,83636983-f80d-42d6-a075-09b60c6abd5e,,true,true,,true,true,true,true,true,true,true,true
2023-05-16,ecephys_662983_2023-05-16_12-33-22,b5c172d0-6677-4d0d-8979-47a6945e3fd7,,true,true,,true,true,true,true,true,true,true,true
2023-05-15,ecephys_662983_2023-05-15_14-33-33,e91b2f95-66a3-4157-86cd-621d571e3136,,true,true,,true,true,true,true,true,true,true,true
2023-02-28,ecephys_649944_2023-02-28_11-38-23,093d1a8b-327c-4d3d-b4aa-47599cd6a3a3,,true,true,,true,true,true,true,true,true,true,true
2023-02-27,ecephys_649944_2023-02-27_11-18-46,25b8f1e5-98f7-4b30-a664-ba42d962532a,,true,true,,true,true,true,true,true,true,true,true
2023-02-23,ecephys_644867_2023-02-23_12-14-29,66c3e368-655d-481f-a51c-75095a60eab4,,true,true,,true,true,true,true,true,true,true,true
2023-02-22,ecephys_644867_2023-02-22_11-48-43,45e36707-3105-4128-8541-0dfe2113e466,,true,true,,true,true,true,true,true,true,true,true
2023-02-21,ecephys_644867_2023-02-21_12-17-01,0353e57d-7765-4356-bbe7-fb7115289d05,,true,true,,false,true,true,true,true,true,false,true
2023-02-20,ecephys_644867_2023-02-20_12-21-16,75362205-751e-481b-8d9a-ccd80e80abfa,,true,true,,true,true,true,true,true,true,true,true
2023-02-16,ecephys_649943_2023-02-16_13-02-21,9c232d61-6b34-492e-81c5-7661a6e57e2a,,true,true,,true,true,true,true,true,true,true,true
2023-02-15,ecephys_649943_2023-02-15_11-52-33,e074b766-6174-4257-8385-3880ab6cbfb4,,true,true,,true,true,true,true,true,true,true,true
2023-02-14,ecephys_649943_2023-02-14_11-03-06,5e650493-b935-4516-88d4-4f3e61ba4902,,true,true,,true,true,true,true,true,true,true,true
2023-02-13,ecephys_649943_2023-02-13_11-28-02,a9443855-650c-4fba-b68d-f26788501f51,,true,true,,true,true,true,true,true,true,true,true
2023-02-10,ecephys_644866_2023-02-10_11-26-55,88f1062f-a32f-4d22-bbe1-5ff70d2d06fa,,true,true,,true,true,true,true,true,true,true,true
2023-02-09,ecephys_644866_2023-02-09_15-47-03,72855b12-1a42-41ab-b0aa-1a1b5d38fbc9,,true,true,,true,true,true,true,true,true,true,true
2023-02-08,ecephys_644866_2023-02-08_16-01-11,20dde500-dcef-4a7c-a88b-e34b71f50297,,true,true,,true,true,true,true,true,true,true,true
2023-02-07,ecephys_644866_2023-02-07_17-08-15,0857b2c6-e679-4f0a-a1fd-5280719f04a2,,true,true,,true,true,true,true,true,true,true,true
2023-02-02,ecephys_644864_2023-02-02_12-29-19,a620374f-bed5-4663-815f-f12f40cd2a8d,,true,true,,true,true,true,true,true,true,true,true
2023-02-01,ecephys_644864_2023-02-01_00-00-00,06a9cba3-77ff-4112-a879-f5625bf485ee,,true,true,,true,true,true,true,true,true,true,true
2023-01-31,ecephys_644864_2023-01-31_15-27-43,2b4b7fed-6a61-48b9-a3af-db01adb55db4,,true,true,,true,true,true,true,true,true,true,true
2023-01-30,ecephys_644864_2023-01-30_00-00-00,e1266c34-6624-4183-b86a-618f4cbf2520,,true,true,,true,true,true,true,true,true,true,true
2023-01-26,ecephys_636766_2023-01-26_00-00-00,1c761f4c-8bab-47de-b6f8-1193060ebbcc,,true,true,,true,true,true,true,true,true,true,true
2023-01-25,ecephys_636766_2023-01-25_00-00-00,4f871055-e2b9-4dad-b066-342602a406af,,true,true,,true,true,true,true,true,true,true,true
2023-01-24,ecephys_636766_2023-01-24_00-00-00,92f23332-0a7b-40ac-9744-7e9e84faf7b0,,true,true,,true,true,true,true,true,true,true,true
2023-01-23,ecephys_636766_2023-01-23_00-00-00,04456f90-49ff-4c76-8e32-9cc6c2dc1d73,,true,true,,true,true,true,true,true,true,true,true
2023-01-18,ecephys_646318_2023-01-18_10-44-42,3f695054-87cc-419f-8458-64d62b0825c2,,true,true,,true,true,true,true,true,true,true,true
2023-01-17,ecephys_646318_2023-01-17_11-38-56,4cf164e5-2462-4740-947d-d7ab3feb8ffc,,true,true,,true,true,true,true,true,true,true,true
2022-12-06,ecephys_644547_2022-12-06_12-35-29,fb187686-0e02-45f8-8606-a7eb05e25747,,true,true,,true,true,false,false,false,false,true,true
2022-12-05,ecephys_644547_2022-12-05_13-07-55,49d80659-eb03-48c9-aae9-d239195e64d7,,true,true,,true,true,false,false,false,false,true,true
2022-09-27,ecephys_636397_2022-09-27_11-36-50,175ff480-a013-457a-a287-ee4885514cb5,,true,true,,true,true,true,true,true,true,true,true
2022-09-26,ecephys_636397_2022-09-26_12-47-50,6c41a827-44d6-47f2-91d4-a7e3cfbec3bb,,true,true,,true,true,true,true,true,true,true,true
2022-09-20,ecephys_628801_2022-09-20_13-21-19,3a82afce-9219-4161-9947-728ab61b880a,,true,true,,true,false,,,,,true,true
2022-09-19,ecephys_628801_2022-09-19_13-47-54,3e7116f4-4747-4774-9790-8ddcd375ea52,,true,true,,true,true,true,true,true,true,true,true
2022-08-17,ecephys_626791_2022-08-17_00-00-00,56eb16c2-c2a1-43e9-99a0-7956e4bd4f22,,true,true,,true,true,true,true,true,true,true,true
2022-08-16,ecephys_626791_2022-08-16_00-00-00,4def569e-e713-4845-99fd-d0465ceb0500,,true,true,,true,true,true,true,true,true,true,true
2022-08-15,ecephys_626791_2022-08-15_00-00-00,d1b12f12-7f54-476c-9d86-d6568282aaa9,,true,true,,true,true,true,true,true,true,true,true
2022-08-02,ecephys_620264_2022-08-02_15-39-59,8b2fa0cc-53b8-4384-8b36-d0e6c3cb521a,,true,true,,true,true,true,true,true,true,true,true
2022-07-27,ecephys_620263_2022-07-27_13-56-52,556eba0c-f2d6-42a0-8087-a0a15f85d438,,true,true,,true,true,true,true,true,true,true,true
2022-07-26,ecephys_620263_2022-07-26_14-08-55,8e69ac1e-849b-48fd-8a17-dd69feec9fc3,,true,true,,true,true,true,true,true,true,true,true
